PLAYER_ID,PLAYER_NAME,TEAM_ID,TEAM_ABBREVIATION,AGE,PLAYER_HEIGHT,PLAYER_HEIGHT_INCHES,PLAYER_WEIGHT,COLLEGE,COUNTRY,DRAFT_YEAR,DRAFT_ROUND,DRAFT_NUMBER,GP,PTS,REB,AST,NET_RATING,OREB_PCT,DREB_PCT,USG_PCT,TS_PCT,AST_PCT
920,A.C. Green,1610612742,DAL,35.0,6-9,81.0,225,Oregon State,USA,1985,1,23,50,246,228,25,-5.0,0.086,0.163,0.144,0.441,0.043
243,Aaron McKie,1610612755,PHI,26.0,6-5,77.0,209,Temple,USA,1994,1,17,50,240,140,100,-2.6,0.029,0.12,0.148,0.454,0.183
1425,Aaron Williams,1610612760,SEA,27.0,6-9,81.0,225,Xavier,USA,Undrafted,Undrafted,Undrafted,40,158,128,22,-9.6,0.112,0.168,0.174,0.508,0.094
228,Adam Keefe,1610612762,UTA,29.0,6-9,81.0,230,Stanford,USA,1992,1,10,44,174,142,28,5.2,0.089,0.141,0.142,0.533,0.074
1502,Adonal Foyle,1610612744,GSW,24.0,6-10,82.0,250,Colgate,St. Vincent & Grenadines,1997,1,8,44,129,194,18,-3.9,0.118,0.181,0.121,0.45,0.049
1817,Adonis Jordan,1610612749,MIL,28.0,5-11,71.0,170,Kansas,USA,1993,2,42,4,6,0,3,-40.0,0.0,0.0,0.19,0.521,0.273
1733,Al Harrington,1610612754,IND,19.0,6-9,81.0,230,None,USA,1998,1,25,21,45,39,5,-7.3,0.115,0.137,0.2,0.359,0.06
673,Alan Henderson,1610612737,ATL,26.0,6-9,81.0,235,Indiana,USA,1995,1,16,38,474,250,27,-3.1,0.088,0.133,0.22,0.485,0.048
275,Allan Houston,1610612752,NYK,28.0,6-6,78.0,200,Tennessee,USA,1993,1,11,50,813,152,137,2.0,0.012,0.07,0.235,0.515,0.152
947,Allen Iverson,1610612755,PHI,24.0,6-0,72.0,165,Georgetown,USA,1996,1,1,48,1284,236,223,4.4,0.033,0.089,0.318,0.508,0.234
297,Alonzo Mourning,1610612748,MIA,29.0,6-10,82.0,261,Georgetown,USA,1992,1,2,46,924,507,74,10.9,0.108,0.193,0.268,0.564,0.086
1591,Alvin Sims,1610612756,PHX,24.0,6-4,76.0,235,Louisville,USA,Undrafted,Undrafted,Undrafted,4,11,4,5,-23.5,0.103,0.034,0.261,0.451,0.333
1541,Alvin Williams,1610612761,TOR,24.0,6-5,77.0,185,Villanova,USA,1997,2,47,50,248,82,130,-3.3,0.018,0.059,0.134,0.477,0.207
1754,Andrae Patterson,1610612750,MIN,23.0,6-9,81.0,238,Indiana,USA,1998,2,46,35,114,65,15,-1.4,0.094,0.122,0.197,0.505,0.094
692,Andrew DeClercq,1610612739,CLE,26.0,6-10,82.0,230,Florida,USA,1995,2,34,47,371,255,31,-2.0,0.096,0.149,0.163,0.549,0.049
1845,Andrew Gaze,1610612759,SAS,33.0,6-7,79.0,205,Seton Hall,USA,Undrafted,Undrafted,Undrafted,19,21,5,6,29.2,0.032,0.042,0.197,0.42,0.182
457,Andrew Lang,1610612741,CHI,33.0,6-11,83.0,245,Arkansas,USA,1988,2,28,21,80,93,13,-6.4,0.083,0.168,0.154,0.367,0.058
358,Anfernee Hardaway,1610612753,ORL,27.0,6-7,79.0,215,Memphis,USA,1993,1,3,50,791,284,266,3.1,0.037,0.113,0.22,0.488,0.248
1712,Antawn Jamison,1610612744,GSW,23.0,6-9,81.0,223,North Carolina,USA,1998,1,4,47,449,301,34,-2.4,0.107,0.158,0.21,0.487,0.058
138,Anthony Avent,1610612762,UTA,29.0,6-9,81.0,235,Seton Hall,USA,1991,1,15,5,9,12,1,6.5,0.167,0.085,0.2,0.324,0.043
1533,Anthony Johnson,1610612737,ATL,24.0,6-3,75.0,190,College of Charleston,USA,1997,2,39,49,244,75,107,-2.7,0.018,0.066,0.172,0.467,0.249
292,Anthony Miller,1610612745,HOU,27.0,6-9,81.0,255,Michigan State,USA,1994,2,39,29,70,67,7,6.0,0.115,0.152,0.135,0.502,0.044
1515,Anthony Parker,1610612755,PHI,24.0,6-6,78.0,215,Bradley,USA,1997,1,21,2,2,0,0,14.3,0.0,0.0,0.125,1.0,0.0
324,Anthony Peeler,1610612750,MIN,29.0,6-4,76.0,208,Missouri,USA,1992,1,15,28,270,84,78,3.7,0.034,0.068,0.171,0.465,0.139
156,Antoine Carr,1610612745,HOU,37.0,6-9,81.0,270,Wichita State,USA,1983,1,8,18,47,31,9,-2.5,0.058,0.129,0.19,0.427,0.107
952,Antoine Walker,1610612738,BOS,22.0,6-9,81.0,245,Kentucky,USA,1996,1,6,42,784,359,130,-6.3,0.065,0.171,0.27,0.476,0.152
1498,Antonio Daniels,1610612759,SAS,24.0,6-4,76.0,200,Bowling Green,USA,1997,1,4,47,220,54,106,9.7,0.022,0.062,0.187,0.52,0.31
213,Antonio Davis,1610612754,IND,30.0,6-9,81.0,230,Texas-El Paso,USA,1990,2,45,49,463,344,33,1.2,0.095,0.191,0.177,0.535,0.049
226,Antonio Lang,1610612739,CLE,27.0,6-8,80.0,205,Duke,USA,1994,2,29,10,13,16,1,-25.1,0.122,0.169,0.105,0.653,0.029
686,Antonio McDyess,1610612743,DEN,24.0,6-9,81.0,220,Alabama,USA,1995,1,2,50,1061,537,82,-6.4,0.084,0.2,0.271,0.515,0.085
288,Armen Gilliam,1610612749,MIL,35.0,6-9,81.0,260,Nevada-Las Vegas,USA,1987,1,2,34,281,126,19,-1.5,0.054,0.145,0.22,0.525,0.053
717,Arvydas Sabonis,1610612757,POR,34.0,7-3,87.0,292,None,Lithuania,1986,1,24,50,606,393,119,5.9,0.068,0.228,0.217,0.546,0.156
1506,Austin Croshere,1610612754,IND,24.0,6-9,81.0,235,Providence,USA,1997,1,12,27,92,45,10,-12.5,0.066,0.135,0.203,0.54,0.075
422,Avery Johnson,1610612759,SAS,34.0,5-11,71.0,180,Southern,USA,Undrafted,Undrafted,Undrafted,50,487,118,369,10.0,0.014,0.053,0.169,0.487,0.362
769,B.J. Armstrong,1610612753,ORL,31.0,6-2,74.0,185,Iowa,USA,1989,1,18,32,105,39,61,-4.2,0.006,0.098,0.153,0.54,0.305
989,Ben Davis,1610612752,NYK,26.0,6-9,81.0,240,Arizona,USA,1996,2,43,8,17,11,3,13.0,0.265,0.133,0.318,0.433,0.25
1112,Ben Wallace,1610612764,WAS,24.0,6-9,81.0,240,Virginia Union,USA,Undrafted,Undrafted,Undrafted,46,275,383,18,2.1,0.112,0.2,0.109,0.537,0.023
104,Benoit Benjamin,1610612755,PHI,34.0,7-0,84.0,250,Creighton,USA,1985,1,3,6,4,8,1,-0.1,0.083,0.167,0.128,0.286,0.043
223,Bill Curley,1610612750,MIN,27.0,6-9,81.0,220,Boston College,USA,1994,1,22,35,78,51,14,9.1,0.05,0.089,0.106,0.477,0.05
82,Bill Wennington,1610612741,CHI,36.0,7-0,84.0,277,St. John's (NY),USA,1985,1,16,38,143,79,18,-8.5,0.042,0.134,0.212,0.381,0.085
182,Billy Owens,1610612760,SEA,30.0,6-8,80.0,220,Syracuse,USA,1991,1,3,21,163,80,38,-2.6,0.076,0.111,0.204,0.452,0.133
902,Bimbo Coles,1610612744,GSW,31.0,6-2,74.0,182,Virginia Tech,USA,1990,2,40,48,455,117,222,-1.9,0.015,0.074,0.182,0.496,0.286
183,Bison Dele,1610612765,DET,30.0,6-11,83.0,260,Arizona,USA,1991,1,10,49,513,272,71,4.6,0.087,0.169,0.239,0.531,0.115
898,Blue Edwards,1610612748,MIA,33.0,6-4,76.0,200,East Carolina,USA,1989,1,21,24,77,33,30,-1.0,0.027,0.082,0.162,0.495,0.19
448,Bo Outlaw,1610612753,ORL,28.0,6-8,80.0,210,Houston,USA,Undrafted,Undrafted,Undrafted,31,203,167,56,0.9,0.064,0.139,0.132,0.535,0.111
682,Bob Sura,1610612739,CLE,26.0,6-5,77.0,200,Florida State,USA,1995,1,17,50,214,102,152,-5.3,0.028,0.103,0.188,0.419,0.361
1517,Bobby Jackson,1610612750,MIN,26.0,6-1,73.0,185,Minnesota,USA,1997,1,23,50,353,135,167,-1.2,0.042,0.1,0.211,0.461,0.305
184,Bobby Phills,1610612766,CHH,29.0,6-5,77.0,226,Southern University,USA,1991,2,45,43,613,174,149,2.5,0.028,0.084,0.197,0.537,0.168
1719,Bonzi Wells,1610612757,POR,22.0,6-5,77.0,210,Ball State,USA,1998,1,11,7,31,9,3,-13.3,0.111,0.111,0.376,0.555,0.231
1802,Brad Miller,1610612766,CHH,23.0,6-11,83.0,250,Purdue,USA,Undrafted,Undrafted,Undrafted,38,238,117,22,7.6,0.086,0.174,0.208,0.651,0.081
1585,Brandon Williams,1610612759,SAS,24.0,6-6,78.0,215,Davidson,USA,Undrafted,Undrafted,Undrafted,3,2,1,0,-32.2,0.25,0.0,0.2,0.568,0.0
699,Brent Barry,1610612741,CHI,27.0,6-6,78.0,195,Oregon State,USA,1995,1,15,37,412,144,116,-11.7,0.032,0.097,0.181,0.514,0.193
85,Brent Price,1610612745,HOU,30.0,6-1,73.0,185,Oklahoma,USA,1992,2,32,40,292,78,113,1.1,0.024,0.073,0.165,0.624,0.227
1510,Brevin Knight,1610612739,CLE,23.0,5-10,70.0,173,Stanford,USA,1997,1,16,39,373,131,302,1.6,0.015,0.101,0.189,0.495,0.442
967,Brian Evans,1610612750,MIN,25.0,6-8,80.0,220,Indiana,USA,1996,1,27,16,34,19,15,3.1,0.034,0.088,0.133,0.372,0.188
258,Brian Grant,1610612757,POR,27.0,6-9,81.0,254,Xavier,USA,1994,1,8,48,550,470,67,9.7,0.119,0.198,0.172,0.571,0.073
216,Brian Shaw,1610612757,POR,33.0,6-6,78.0,200,California-Santa Barbara,USA,1988,1,24,1,0,1,1,-23.3,0.0,0.25,0.154,0.0,0.333
1730,Brian Skinner,1610612746,LAC,23.0,6-9,81.0,255,Baylor,USA,1998,1,22,21,86,53,1,2.5,0.074,0.134,0.178,0.503,0.007
1477,Bruce Bowen,1610612738,BOS,28.0,6-7,79.0,200,Cal State-Fullerton,USA,Undrafted,Undrafted,Undrafted,30,70,52,28,-4.0,0.027,0.075,0.1,0.338,0.092
1743,Bruno Sundov,1610612742,DAL,19.0,7-2,86.0,220,None,Croatia,1998,2,35,3,4,0,1,-46.9,0.0,0.0,0.276,0.286,0.143
735,Bryant Reeves,1610612763,VAN,26.0,7-0,84.0,275,Oklahoma State,USA,1995,1,6,25,271,138,37,-12.4,0.073,0.133,0.226,0.449,0.099
179,Bryant Stith,1610612743,DEN,28.0,6-5,77.0,208,Virginia,USA,1992,1,13,46,320,107,82,-10.3,0.024,0.067,0.136,0.498,0.113
1724,Bryce Drew,1610612745,HOU,24.0,6-3,75.0,185,Valparaiso,USA,1998,1,16,34,118,32,52,-0.8,0.007,0.064,0.168,0.445,0.193
935,Bryon Russell,1610612762,UTA,28.0,6-7,79.0,225,Long Beach State,USA,1993,2,45,50,622,266,74,9.8,0.043,0.114,0.169,0.572,0.072
384,Calbert Cheaney,1610612764,WAS,27.0,6-7,79.0,215,Indiana,USA,1993,1,6,50,385,141,73,-0.5,0.027,0.09,0.175,0.433,0.096
61,Carl Herrera,1610612743,DEN,32.0,6-9,81.0,225,Houston,USA,1990,2,30,28,65,62,4,-5.6,0.072,0.126,0.14,0.402,0.025
435,Carlos Rogers,1610612757,POR,28.0,6-11,83.0,220,Tennessee State,USA,1994,1,11,2,5,1,1,-1.0,0.0,0.091,0.2,0.665,0.2
1745,Casey Shaw,1610612755,PHI,23.0,6-11,83.0,260,Toledo,USA,1998,2,37,9,2,3,0,-10.8,0.158,0.0,0.25,0.125,0.0
76,Cedric Ceballos,1610612742,DAL,29.0,6-6,78.0,190,Cal State-Fullerton,USA,1990,2,48,13,163,85,12,-8.5,0.059,0.171,0.241,0.504,0.074
1538,Cedric Henderson,1610612739,CLE,24.0,6-7,79.0,225,Memphis,USA,1997,2,44,50,454,197,113,-3.5,0.032,0.105,0.183,0.46,0.137
787,Charles Barkley,1610612745,HOU,36.0,6-6,78.0,252,Auburn,USA,1984,1,5,42,676,516,192,4.9,0.124,0.233,0.223,0.546,0.216
1525,Charles O'Bannon,1610612765,DET,24.0,6-5,77.0,209,California-Los Angeles,,1997,2,31,18,56,34,12,8.9,0.105,0.086,0.182,0.47,0.126
891,Charles Oakley,1610612761,TOR,35.0,6-9,81.0,245,Virginia Union,USA,1985,1,9,50,348,374,168,-0.2,0.059,0.18,0.127,0.479,0.171
1869,Charles R. Jones,1610612741,CHI,23.0,6-3,75.0,180,Long Island-Brooklyn,USA,Undrafted,Undrafted,Undrafted,29,108,42,41,-11.7,0.019,0.076,0.161,0.407,0.156
1593,Charles Shackleford,1610612766,CHH,33.0,6-11,83.0,245,North Carolina State,USA,1988,2,32,32,107,129,13,-5.8,0.123,0.23,0.165,0.521,0.07
1520,Charles Smith,1610612746,LAC,23.0,6-4,76.0,194,New Mexico,USA,1997,1,26,23,84,24,13,-13.5,0.021,0.061,0.175,0.404,0.071
369,Charlie Ward,1610612752,NYK,28.0,6-2,74.0,190,Florida State,USA,1994,1,26,50,378,172,271,2.4,0.016,0.095,0.148,0.513,0.289
1497,Chauncey Billups,1610612743,DEN,22.0,6-3,75.0,202,Colorado,USA,1997,1,3,45,624,96,173,-6.5,0.016,0.052,0.2,0.547,0.192
685,Cherokee Parks,1610612763,VAN,26.0,6-11,83.0,240,Duke,USA,1995,1,12,48,266,243,36,-11.9,0.068,0.164,0.142,0.445,0.057
1512,Chris Anstey,1610612742,DAL,24.0,7-0,84.0,249,None,USA,1997,1,18,41,134,97,27,-6.4,0.073,0.136,0.174,0.418,0.093
713,Chris Carr,1610612751,NJN,25.0,6-6,78.0,220,Southern Illinois,USA,1995,2,56,39,207,71,23,-6.2,0.047,0.11,0.236,0.465,0.102
164,Chris Childs,1610612752,NYK,31.0,6-3,75.0,195,Boise State,USA,Undrafted,Undrafted,Undrafted,48,328,133,193,0.3,0.015,0.087,0.142,0.544,0.267
1544,Chris Crawford,1610612737,ATL,24.0,6-9,81.0,235,Marquette,USA,1997,2,50,42,288,89,24,1.0,0.048,0.068,0.2,0.504,0.059
201,Chris Dudley,1610612752,NYK,34.0,6-11,83.0,260,Yale,USA,1987,4,75,46,115,193,7,5.6,0.124,0.166,0.104,0.454,0.017
423,Chris Gatling,1610612749,MIL,31.0,6-10,82.0,230,Old Dominion,USA,1991,1,16,48,272,179,32,-3.2,0.07,0.171,0.217,0.445,0.077
12,Chris King,1610612762,UTA,29.0,6-8,80.0,215,Wake Forest,USA,1992,2,45,8,4,11,1,-18.5,0.025,0.217,0.138,0.228,0.048
168,Chris Mills,1610612744,GSW,29.0,6-7,79.0,216,Arizona,USA,1993,1,22,47,483,237,103,-3.7,0.034,0.131,0.173,0.488,0.13
356,Chris Morris,1610612756,PHX,33.0,6-8,80.0,228,Auburn,USA,1988,1,4,44,184,121,23,3.6,0.099,0.131,0.156,0.544,0.073
904,Chris Mullin,1610612754,IND,35.0,6-7,79.0,215,St. John's (NY),USA,1985,1,7,50,507,160,81,6.3,0.024,0.112,0.192,0.616,0.112
185,Chris Webber,1610612758,SAC,26.0,6-10,82.0,245,Michigan,USA,1993,1,1,42,839,545,173,1.1,0.083,0.209,0.246,0.491,0.171
43,Chris Whitney,1610612764,WAS,27.0,6-0,72.0,175,Clemson,USA,1993,2,47,39,187,47,69,1.5,0.018,0.089,0.206,0.551,0.276
363,Christian Laettner,1610612765,DET,29.0,6-11,83.0,245,Duke,USA,1992,1,3,16,121,54,24,3.2,0.065,0.105,0.206,0.462,0.14
456,Chuck Person,1610612766,CHH,35.0,6-8,80.0,235,Auburn,USA,1986,1,4,50,303,132,60,-0.9,0.019,0.114,0.16,0.5,0.107
359,Chucky Brown,1610612766,CHH,31.0,6-8,80.0,215,North Carolina State,USA,1989,2,43,48,407,174,57,0.0,0.033,0.117,0.17,0.51,0.086
221,Clar. Weatherspoon,1610612748,MIA,28.0,6-7,79.0,265,Southern Mississippi,USA,1992,1,9,49,397,243,34,3.2,0.081,0.169,0.186,0.607,0.065
361,Clifford Robinson,1610612756,PHX,32.0,6-10,82.0,225,Connecticut,USA,1989,2,36,50,819,226,128,4.8,0.041,0.093,0.215,0.559,0.128
1133,Corey Beck,1610612766,CHH,28.0,6-3,75.0,200,Arkansas,USA,Undrafted,Undrafted,Undrafted,24,45,28,20,2.1,0.038,0.128,0.152,0.493,0.183
1736,Corey Benjamin,1610612741,CHI,21.0,6-6,78.0,200,Oregon State,USA,1998,1,28,31,118,40,10,-16.5,0.049,0.083,0.221,0.438,0.065
916,Corie Blount,1610612739,CLE,30.0,6-10,82.0,242,Cincinnati,USA,1993,1,25,34,100,151,12,4.3,0.111,0.174,0.124,0.404,0.037
722,Corliss Williamson,1610612758,SAC,25.0,6-7,79.0,245,Arkansas,USA,1995,1,13,50,659,206,66,-2.1,0.058,0.078,0.214,0.517,0.076
724,Cory Alexander,1610612743,DEN,26.0,6-1,73.0,190,Virginia,USA,1995,1,29,36,261,74,119,-0.5,0.009,0.089,0.196,0.467,0.275
1757,Cory Carr,1610612741,CHI,23.0,6-4,76.0,210,Texas Tech,USA,1998,2,49,42,171,49,66,-12.4,0.013,0.072,0.206,0.372,0.206
1749,Cuttino Mobley,1610612745,HOU,23.0,6-4,76.0,190,Rhode Island,USA,1998,2,41,49,487,111,121,3.3,0.017,0.059,0.168,0.537,0.137
905,Dale Davis,1610612754,IND,30.0,6-11,83.0,230,Clemson,USA,1991,1,13,50,398,416,22,6.3,0.123,0.182,0.136,0.559,0.025
107,Dale Ellis,1610612760,SEA,38.0,6-7,79.0,205,Tennessee,USA,1983,1,9,48,495,115,38,-0.1,0.021,0.074,0.17,0.581,0.055
1800,Damon Jones,1610612738,BOS,22.0,6-3,75.0,185,Houston,USA,Undrafted,Undrafted,Undrafted,24,125,44,42,-0.4,0.016,0.109,0.179,0.494,0.209
757,Damon Stoudamire,1610612757,POR,25.0,5-10,70.0,171,Arizona,USA,1995,1,7,50,631,167,312,2.3,0.025,0.075,0.21,0.462,0.322
105,Dan Majerle,1610612748,MIA,33.0,6-6,78.0,220,Central Michigan,USA,1988,1,14,48,337,208,150,7.2,0.015,0.116,0.111,0.529,0.151
7,Dan Schayes,1610612753,ORL,40.0,6-11,83.0,260,Syracuse,USA,1981,1,13,19,28,14,4,6.5,0.022,0.081,0.126,0.431,0.044
344,Dana Barros,1610612738,BOS,32.0,5-11,71.0,163,Boston College,USA,1989,1,16,50,464,105,208,0.4,0.014,0.078,0.187,0.576,0.3
198,Danny Ferry,1610612739,CLE,32.0,6-10,82.0,235,Duke,USA,1989,1,2,50,349,102,53,-0.9,0.018,0.089,0.163,0.562,0.101
1504,Danny Fortson,1610612743,DEN,23.0,6-7,79.0,260,Cincinnati,USA,1997,1,10,50,550,581,32,-6.8,0.145,0.277,0.178,0.564,0.038
330,Danny Manning,1610612756,PHX,33.0,6-10,82.0,244,Kansas,USA,1988,1,1,50,453,219,113,2.3,0.057,0.135,0.197,0.52,0.168
353,Darrell Armstrong,1610612753,ORL,31.0,6-1,73.0,180,Fayetteville State,USA,Undrafted,Undrafted,Undrafted,50,690,180,335,5.7,0.034,0.088,0.217,0.575,0.401
239,Darrick Martin,1610612746,LAC,28.0,5-11,71.0,170,UCLA, ,Undrafted,Undrafted,Undrafted,37,296,48,144,-11.4,0.005,0.05,0.179,0.475,0.257
764,David Robinson,1610612759,SAS,33.0,7-1,85.0,250,Navy,USA,1987,1,1,49,775,492,103,12.0,0.101,0.207,0.239,0.564,0.12
710,David Vaughn,1610612751,NJN,26.0,6-9,81.0,240,Memphis,USA,1995,1,25,11,38,34,1,0.0,0.13,0.172,0.169,0.627,0.015
133,David Wesley,1610612766,CHH,28.0,6-1,73.0,202,Baylor,USA,Undrafted,Undrafted,Undrafted,50,706,161,322,2.0,0.014,0.075,0.194,0.561,0.312
766,David Wingate,1610612752,NYK,35.0,6-5,77.0,187,Georgetown,USA,1986,2,44,20,14,8,5,11.7,0.034,0.063,0.104,0.438,0.086
1545,DeJuan Wheat,1610612763,VAN,25.0,6-0,72.0,165,Louisville,USA,1997,2,51,46,208,45,101,-7.0,0.018,0.065,0.202,0.479,0.329
1051,Dean Garrett,1610612750,MIN,32.0,6-11,83.0,250,Indiana,USA,1988,2,38,49,270,257,28,-3.8,0.088,0.155,0.118,0.533,0.04
244,Dee Brown,1610612761,TOR,30.0,6-2,74.0,185,Jacksonville,USA,1990,1,19,49,549,103,143,-1.8,0.011,0.065,0.189,0.529,0.187
209,Dell Curry,1610612749,MIL,35.0,6-5,77.0,205,Virginia Tech,USA,1986,1,15,42,423,85,48,1.2,0.023,0.076,0.215,0.603,0.105
23,Dennis Rodman,1610612747,LAL,38.0,6-7,79.0,210,Southeastern Oklahoma State,USA,1986,2,27,23,49,258,30,-1.0,0.096,0.306,0.064,0.388,0.063
192,Dennis Scott,1610612750,MIN,30.0,6-8,80.0,229,Georgia Tech,USA,1990,1,4,36,234,58,40,0.8,0.011,0.071,0.154,0.516,0.091
1507,Derek Anderson,1610612739,CLE,24.0,6-5,77.0,195,Kentucky,USA,1997,1,13,38,409,109,145,-1.9,0.023,0.1,0.23,0.529,0.305
965,Derek Fisher,1610612747,LAL,24.0,6-1,73.0,200,Arkansas-Little Rock,USA,1996,1,24,50,296,91,197,9.2,0.02,0.064,0.147,0.497,0.256
157,Derek Harper,1610612747,LAL,37.0,6-4,76.0,206,Illinois,USA,1983,1,11,45,309,67,187,-3.0,0.012,0.045,0.142,0.506,0.255
400,Derek Strong,1610612753,ORL,31.0,6-9,81.0,240,Xavier,USA,1990,2,47,44,223,161,17,4.1,0.091,0.154,0.164,0.499,0.042
934,Derrick Coleman,1610612766,CHH,32.0,6-10,82.0,260,Syracuse,USA,1990,1,1,37,486,328,78,-4.0,0.07,0.215,0.231,0.496,0.128
365,Derrick McKey,1610612754,IND,32.0,6-10,82.0,225,Alabama,USA,1987,1,9,13,60,41,13,9.8,0.081,0.11,0.145,0.504,0.094
96,Detlef Schrempf,1610612760,SEA,36.0,6-10,82.0,235,Washington,USA,1985,1,8,50,752,370,184,2.7,0.043,0.169,0.194,0.573,0.177
54,Dickey Simpkins,1610612741,CHI,27.0,6-9,81.0,264,Providence,USA,1994,1,21,50,454,339,65,-9.9,0.075,0.175,0.162,0.528,0.082
87,Dikembe Mutombo,1610612737,ATL,33.0,7-2,86.0,261,Georgetown,Congo,1991,1,4,50,541,610,57,6.3,0.107,0.228,0.143,0.584,0.056
1717,Dirk Nowitzki,1610612742,DAL,21.0,7-0,84.0,237,None,Germany,1998,1,9,47,385,162,47,-0.6,0.045,0.124,0.219,0.491,0.082
1122,Dominique Wilkins,1610612753,ORL,39.0,6-8,80.0,230,Georgia,USA,1982,1,3,27,134,71,16,-0.3,0.113,0.16,0.292,0.445,0.131
931,Don MacLean,1610612760,SEA,29.0,6-10,82.0,235,California-Los Angeles,USA,1992,1,19,17,185,65,16,-8.1,0.049,0.129,0.268,0.476,0.078
690,Don Reid,1610612765,DET,25.0,6-8,80.0,250,Georgetown,USA,1995,2,58,47,242,170,33,8.0,0.074,0.12,0.122,0.58,0.057
923,Donyell Marshall,1610612744,GSW,26.0,6-9,81.0,230,Connecticut,USA,1994,1,4,48,530,342,66,-0.5,0.084,0.175,0.212,0.484,0.093
57,Doug Christie,1610612761,TOR,29.0,6-6,78.0,205,Pepperdine,USA,1992,1,17,50,760,207,187,-3.0,0.034,0.088,0.222,0.501,0.198
77,Doug Overton,1610612755,PHI,29.0,6-3,75.0,190,La Salle,USA,1991,2,40,24,92,21,23,-5.0,0.025,0.057,0.192,0.496,0.174
28,Doug West,1610612763,VAN,32.0,6-6,78.0,200,Villanova,USA,1989,2,38,14,81,25,19,-4.7,0.018,0.075,0.135,0.533,0.109
1003,Drew Barry,1610612760,SEA,26.0,6-5,77.0,191,Georgia Tech,USA,1996,2,57,17,37,20,29,2.1,0.017,0.083,0.115,0.49,0.238
190,Duane Causwell,1610612748,MIA,31.0,7-0,84.0,255,Temple,USA,1990,1,18,19,44,35,2,-20.3,0.108,0.145,0.187,0.546,0.029
273,Duane Ferrell,1610612744,GSW,34.0,6-7,79.0,215,Georgia Tech,USA,Undrafted,Undrafted,Undrafted,8,5,6,0,19.0,0.086,0.02,0.143,0.159,0.0
368,Dwayne Schintzius,1610612738,BOS,30.0,7-2,86.0,285,Florida,USA,1990,1,24,16,11,19,8,-26.6,0.091,0.152,0.17,0.31,0.2
1863,Earl Boykins,1610612739,CLE,23.0,5-5,65.0,145,Eastern Michigan,USA,Undrafted,Undrafted,Undrafted,22,65,17,33,-9.2,0.033,0.049,0.21,0.405,0.303
1516,Ed Gray,1610612737,ATL,23.0,6-3,75.0,210,California,USA,1997,1,22,30,146,28,12,-9.2,0.018,0.065,0.293,0.368,0.083
698,Eddie Johnson,1610612745,HOU,40.0,,, ,Illinois,USA,1981,2,29,3,12,2,1,-11.9,0.0,0.125,0.288,0.462,0.063
224,Eddie Jones,1610612766,CHH,27.0,6-6,78.0,200,Temple,USA,1994,1,10,50,780,194,186,5.7,0.028,0.076,0.197,0.546,0.17
922,Elden Campbell,1610612766,CHH,30.0,7-0,84.0,255,Clemson,USA,1990,1,27,49,616,397,69,0.6,0.092,0.188,0.213,0.528,0.091
695,Eldridge Recasner,1610612766,CHH,31.0,6-4,76.0,190,Washington,USA,1992,,,44,222,77,91,-3.0,0.03,0.082,0.168,0.552,0.232
386,Elliot Perry,1610612751,NJN,30.0,6-0,72.0,152,Memphis,USA,1991,2,37,35,98,34,47,-6.9,0.021,0.086,0.199,0.449,0.305
376,Eric Montross,1610612765,DET,27.0,7-0,84.0,270,North Carolina,USA,1994,1,9,46,95,139,14,0.8,0.088,0.173,0.091,0.505,0.042
785,Eric Murdock,1610612751,NJN,31.0,6-1,73.0,190,Providence,USA,1991,1,21,15,119,35,66,-3.9,0.007,0.078,0.166,0.474,0.289
15,Eric Piatkowski,1610612746,LAC,28.0,6-7,79.0,215,Nebraska,USA,1994,1,15,49,513,140,53,-8.7,0.031,0.088,0.183,0.555,0.074
35,Eric Riley,1610612738,BOS,29.0,7-0,84.0,245,Michigan,USA,1993,2,33,35,78,99,13,3.6,0.105,0.18,0.123,0.577,0.06
727,Eric Snow,1610612755,PHI,26.0,6-3,75.0,204,Michigan State,USA,1995,2,43,48,413,162,301,4.0,0.015,0.084,0.138,0.499,0.296
1540,Eric Washington,1610612743,DEN,25.0,6-4,76.0,190,Alabama,USA,1997,2,46,38,205,89,30,-7.5,0.043,0.071,0.136,0.517,0.069
677,Eric Williams,1610612743,DEN,26.0,6-8,80.0,220,Providence,USA,1995,1,14,38,277,81,37,-10.5,0.043,0.064,0.193,0.494,0.094
956,Erick Dampier,1610612744,GSW,23.0,6-11,83.0,265,Mississippi State,USA,1996,1,10,50,442,382,54,-3.5,0.11,0.155,0.191,0.439,0.064
1065,Erick Strickland,1610612742,DAL,25.0,6-3,75.0,210,Nebraska,USA,Undrafted,Undrafted,Undrafted,33,249,83,64,-2.8,0.019,0.127,0.214,0.499,0.2
911,Ervin Johnson,1610612749,MIL,31.0,6-11,83.0,245,New Orleans,USA,1993,1,23,50,256,320,19,-1.6,0.121,0.198,0.126,0.544,0.031
1564,Etdrick Bohannon,1610612764,WAS,26.0,6-9,81.0,220,Auburn-Montgomery,USA,Undrafted,Undrafted,Undrafted,2,0,0,0,14.1,0.0,0.0,0.0,0.0,0.0
1732,Felipe Lopez,1610612763,VAN,24.0,6-6,78.0,195,St. John's (NY),Dominican Republic,1998,1,24,47,437,166,62,-9.1,0.058,0.085,0.193,0.498,0.093
280,Felton Spencer,1610612744,GSW,31.0,7-0,84.0,265,Louisville,USA,1990,1,6,26,42,46,0,3.2,0.096,0.158,0.139,0.473,0.0
697,Fred Hoiberg,1610612754,IND,26.0,6-4,76.0,203,Iowa State,USA,1995,2,52,12,19,11,4,-1.2,0.024,0.115,0.138,0.402,0.077
202,Gary Grant,1610612757,POR,34.0,6-3,75.0,185,Michigan,USA,1988,1,15,2,0,0,3,57.1,0.0,0.0,0.067,0.0,0.5
56,Gary Payton,1610612760,SEA,30.0,6-4,76.0,180,Oregon State,USA,1990,1,2,50,1084,244,436,0.7,0.03,0.095,0.266,0.519,0.398
718,Gary Trent,1610612742,DAL,24.0,6-8,80.0,250,Ohio,USA,1995,1,11,45,719,351,77,-1.8,0.094,0.167,0.256,0.51,0.106
248,George Lynch,1610612755,PHI,28.0,6-8,80.0,228,North Carolina,USA,1993,1,12,43,356,279,76,5.3,0.084,0.132,0.157,0.461,0.1
45,George McCloud,1610612756,PHX,32.0,6-8,80.0,225,Florida State,USA,1989,1,7,48,428,162,79,0.2,0.028,0.106,0.149,0.591,0.101
1871,Gerald Brown,1610612756,PHX,23.0,6-4,76.0,210,Pepperdine,USA,Undrafted,Undrafted,Undrafted,33,80,22,31,-13.6,0.021,0.068,0.212,0.42,0.23
786,Gerald Wilkins,1610612753,ORL,35.0,6-6,78.0,185,Tennessee-Chattanooga,USA,1985,2,47,3,2,1,1,3.4,0.0,0.048,0.191,0.101,0.067
1562,Gerard King,1610612759,SAS,26.0,6-9,81.0,230,Nicholls State,USA,Undrafted,Undrafted,Undrafted,19,23,14,4,5.6,0.091,0.099,0.17,0.525,0.103
49,Gheorghe Muresan,1610612751,NJN,28.0,7-7,91.0,303,None,USA,1993,2,30,1,0,0,0,-200.0,0.0,0.0,0.667,0.0,0.0
779,Glen Rice,1610612747,LAL,32.0,6-8,80.0,220,Michigan,USA,1989,1,4,27,472,99,71,3.3,0.01,0.093,0.221,0.542,0.118
299,Glenn Robinson,1610612749,MIL,26.0,6-7,79.0,230,Purdue,USA,1994,1,1,47,865,276,100,5.7,0.052,0.135,0.28,0.523,0.118
255,Grant Hill,1610612765,DET,26.0,6-8,80.0,225,Duke,USA,1994,1,3,50,1053,355,300,5.6,0.039,0.17,0.291,0.543,0.324
3,Grant Long,1610612737,ATL,33.0,6-9,81.0,248,Eastern Michigan,USA,1988,2,33,50,489,296,53,7.9,0.074,0.142,0.184,0.529,0.078
21,Greg Anthony,1610612757,POR,31.0,6-1,73.0,180,Nevada-Las Vegas,USA,1991,1,12,50,319,63,100,12.2,0.018,0.061,0.194,0.55,0.223
323,Greg Foster,1610612762,UTA,30.0,6-11,83.0,250,Texas-El Paso,USA,1990,2,35,42,118,83,25,-8.3,0.067,0.122,0.173,0.401,0.103
65,Greg Minor,1610612738,BOS,27.0,6-6,78.0,210,Louisville,USA,1994,1,25,44,214,117,50,6.9,0.038,0.111,0.148,0.475,0.101
731,Greg Ostertag,1610612762,UTA,26.0,7-2,86.0,280,Kansas,USA,1995,1,28,48,273,348,23,13.4,0.093,0.177,0.11,0.523,0.027
165,Hakeem Olajuwon,1610612745,HOU,36.0,7-0,84.0,255,Houston,Nigeria,1984,1,1,50,945,478,88,2.3,0.065,0.203,0.259,0.559,0.097
265,Harvey Grant,1610612755,PHI,33.0,6-9,81.0,225,Oklahoma,USA,1988,1,12,47,146,110,23,4.4,0.045,0.098,0.114,0.404,0.048
906,Haywoode Workman,1610612749,MIL,33.0,6-3,75.0,180,Oral Roberts,USA,1989,2,49,29,200,102,172,3.7,0.02,0.112,0.145,0.524,0.323
1006,Herb Williams,1610612752,NYK,41.0,6-11,83.0,260,Ohio State,USA,1981,1,14,6,10,6,0,-1.2,0.081,0.088,0.131,0.563,0.0
765,Hersey Hawkins,1610612760,SEA,32.0,6-3,75.0,200,Bradley,USA,1988,1,6,50,516,201,123,3.0,0.031,0.094,0.146,0.554,0.119
270,Horace Grant,1610612753,ORL,33.0,6-10,82.0,245,Clemson,USA,1987,1,10,50,443,351,90,1.5,0.07,0.146,0.146,0.455,0.095
73,Hot Rod Williams,1610612742,DAL,36.0,6-11,83.0,245,Tulane,USA,1985,2,45,25,29,83,15,-10.8,0.086,0.118,0.056,0.388,0.057
458,Howard Eisley,1610612762,UTA,26.0,6-2,74.0,180,Boston College,USA,1994,2,30,50,368,94,185,1.9,0.013,0.08,0.205,0.527,0.35
93,Hubert Davis,1610612742,DAL,29.0,6-5,77.0,183,North Carolina,USA,1992,1,20,50,457,86,89,-2.0,0.002,0.063,0.156,0.545,0.108
1134,Ike Austin,1610612753,ORL,29.0,6-10,82.0,270,Arizona State,USA,1991,2,48,49,477,237,89,-0.6,0.066,0.123,0.232,0.457,0.128
375,Isaiah Rider,1610612757,POR,28.0,6-5,77.0,215,Nevada-Las Vegas,USA,1993,1,5,47,651,196,104,0.4,0.043,0.098,0.247,0.486,0.141
1764,J.R. Henderson,1610612763,VAN,22.0,6-8,80.0,233,California-Los Angeles,USA,1998,2,56,31,97,47,22,-8.0,0.06,0.087,0.186,0.419,0.128
462,J.R. Reid,1610612747,LAL,31.0,6-10,82.0,247,North Carolina,USA,1989,1,5,41,369,212,48,-1.1,0.048,0.157,0.179,0.547,0.081
1521,Jacque Vaughn,1610612762,UTA,24.0,6-1,73.0,190,Kansas,USA,1997,1,27,19,44,11,12,-21.4,0.011,0.114,0.264,0.542,0.316
1751,Jahidi White,1610612764,WAS,23.0,6-9,81.0,290,Georgetown,USA,1998,2,43,20,49,58,1,-1.6,0.113,0.173,0.141,0.517,0.008
147,Jalen Rose,1610612754,IND,26.0,6-8,80.0,210,Michigan,USA,1994,1,13,49,542,154,93,4.8,0.029,0.102,0.24,0.479,0.147
469,Jamal Mashburn,1610612748,MIA,26.0,6-8,80.0,241,Kentucky,USA,1993,1,4,24,356,146,75,6.2,0.032,0.143,0.229,0.519,0.164
1526,James Cotton,1610612760,SEA,23.0,6-5,77.0,220,Long Beach State,USA,1997,2,32,10,25,10,0,-34.1,0.03,0.114,0.211,0.482,0.0
381,James Robinson,1610612750,MIN,28.0,6-2,74.0,180,Alabama,USA,1993,1,21,31,183,62,56,-6.2,0.032,0.096,0.207,0.451,0.204
994,Jamie Feick,1610612751,NJN,24.0,6-8,80.0,255,Michigan State,USA,1996,2,48,28,177,288,24,0.6,0.125,0.227,0.098,0.552,0.042
320,Jamie Watson,1610612748,MIA,27.0,6-7,79.0,190,South Carolina,USA,1994,2,47,3,2,1,1,30.0,0.0,0.042,0.079,0.5,0.1
1114,Jaren Jackson,1610612759,SAS,31.0,6-6,78.0,215,Georgetown,USA,Undrafted,Undrafted,Undrafted,47,301,99,49,12.7,0.025,0.084,0.176,0.5,0.099
679,Jason Caffey,1610612744,GSW,26.0,6-8,80.0,256,Alabama,USA,1995,1,20,35,308,205,18,-4.2,0.085,0.146,0.203,0.481,0.037
467,Jason Kidd,1610612756,PHX,26.0,6-4,76.0,212,California,USA,1994,1,2,50,846,339,539,5.0,0.044,0.126,0.21,0.527,0.431
987,Jason Sasser,1610612763,VAN,25.0,6-7,79.0,225,Texas Tech,USA,1996,2,41,6,11,7,2,-9.3,0.054,0.161,0.175,0.463,0.1
1715,Jason Williams,1610612758,SAC,23.0,6-1,73.0,190,Florida,USA,1998,1,7,50,641,153,299,-1.6,0.007,0.07,0.183,0.483,0.243
420,Jayson Williams,1610612751,NJN,31.0,6-9,81.0,240,St. John's (NY),USA,1990,1,21,30,242,360,33,-4.9,0.132,0.209,0.129,0.474,0.054
204,Jeff Hornacek,1610612762,UTA,36.0,6-4,76.0,190,Iowa State,USA,1986,2,46,48,587,160,192,12.4,0.027,0.088,0.188,0.575,0.231
976,Jeff McInnis,1610612764,WAS,24.0,6-4,76.0,190,North Carolina,USA,1996,2,37,35,130,21,73,-7.1,0.02,0.03,0.188,0.444,0.317
1852,Jeff Sheppard,1610612737,ATL,24.0,6-3,75.0,190,Kentucky,,Undrafted,Undrafted,Undrafted,17,40,22,16,-1.1,0.031,0.087,0.126,0.447,0.157
1741,Jelani McCoy,1610612760,SEA,21.0,6-10,82.0,245,California-Los Angeles,USA,1998,2,33,26,133,79,4,-10.0,0.086,0.152,0.14,0.704,0.023
1532,Jerald Honeycutt,1610612755,PHI,24.0,6-9,81.0,254,Tulane,USA,1997,2,38,16,30,12,3,-12.8,0.026,0.088,0.192,0.412,0.067
979,Jermaine O'Neal,1610612757,POR,20.0,6-11,83.0,226,None,USA,1996,1,17,36,90,97,13,-6.5,0.128,0.169,0.159,0.457,0.07
1744,Jerome James,1610612758,SAC,23.0,7-1,85.0,300,Florida A&M,USA,1998,2,36,16,24,17,1,-18.4,0.102,0.229,0.325,0.41,0.053
760,Jerome Kersey,1610612759,SAS,37.0,6-7,79.0,225,Longwood,USA,1984,2,46,45,145,130,41,8.1,0.061,0.121,0.154,0.352,0.099
966,Jerome Williams,1610612765,DET,26.0,6-9,81.0,206,Georgetown,USA,1996,1,26,50,355,349,23,3.0,0.146,0.185,0.144,0.558,0.036
711,Jerry Stackhouse,1610612765,DET,24.0,6-6,78.0,218,North Carolina,USA,1995,1,3,42,607,107,118,1.0,0.023,0.072,0.273,0.509,0.198
754,Jim Jackson,1610612757,POR,28.0,6-6,78.0,220,Ohio State,USA,1992,1,4,49,414,159,128,9.8,0.032,0.105,0.187,0.499,0.188
29,Jim McIlvaine,1610612751,NJN,26.0,7-1,85.0,240,Marquette,USA,1994,2,32,22,48,54,2,-0.1,0.1,0.084,0.102,0.447,0.013
1429,Jimmy Oliver,1610612756,PHX,29.0,6-5,77.0,205,Purdue,USA,1991,2,39,2,3,0,0,0.0,0.0,0.0,0.13,0.5,0.0
247,Joe Dumars,1610612765,DET,36.0,6-3,75.0,195,McNeese State,USA,1985,1,18,38,428,68,134,4.6,0.012,0.055,0.181,0.568,0.2
170,Joe Kleine,1610612756,PHX,37.0,7-0,84.0,271,Arkansas,USA,1985,1,6,31,68,67,12,-9.2,0.075,0.116,0.111,0.429,0.05
693,Joe Smith,1610612750,MIN,23.0,6-10,82.0,225,Maryland,USA,1995,1,1,43,588,354,68,1.9,0.097,0.141,0.204,0.486,0.079
341,Joe Wolf,1610612766,CHH,34.0,6-11,83.0,230,North Carolina,USA,1987,1,13,3,0,1,0,-67.9,0.0,0.091,0.077,0.0,0.0
715,John Coker,1610612764,WAS,27.0,7-0,84.0,253,Boise State,USA,Undrafted,Undrafted,Undrafted,14,31,22,0,-20.7,0.055,0.172,0.143,0.461,0.0
180,John Crotty,1610612760,SEA,29.0,6-2,74.0,194,Virginia,USA,Undrafted,Undrafted,Undrafted,27,159,31,63,-9.0,0.023,0.06,0.204,0.545,0.283
317,John Starks,1610612744,GSW,33.0,6-5,77.0,185,Oklahoma State,USA,Undrafted,Undrafted,Undrafted,50,690,163,235,-2.5,0.018,0.077,0.222,0.447,0.245
304,John Stockton,1610612762,UTA,37.0,6-1,73.0,175,Gonzaga,USA,1984,1,16,50,553,146,374,12.1,0.026,0.081,0.198,0.571,0.457
1519,John Thomas,1610612761,TOR,23.0,6-9,81.0,265,Minnesota,USA,1997,1,25,39,169,134,15,6.0,0.114,0.114,0.124,0.586,0.042
961,John Wallace,1610612761,TOR,25.0,6-9,81.0,225,Syracuse,USA,1996,1,18,48,411,171,46,-3.7,0.067,0.143,0.269,0.489,0.113
271,Johnny Newman,1610612739,CLE,35.0,6-7,79.0,210,Richmond,USA,1986,2,29,50,303,75,41,-1.5,0.019,0.07,0.171,0.526,0.087
1511,Johnny Taylor,1610612743,DEN,25.0,6-9,81.0,220,Tennessee-Chattanooga,USA,1997,1,17,36,207,101,24,-5.2,0.04,0.101,0.149,0.497,0.055
468,Jon Barry,1610612758,SAC,29.0,6-5,77.0,210,Georgia Tech,USA,1992,1,21,43,213,96,112,5.3,0.034,0.088,0.127,0.609,0.226
1801,Jonathan Kerner,1610612753,ORL,25.0,6-11,83.0,245,East Carolina,USA,Undrafted,Undrafted,Undrafted,1,0,0,0,22.2,0.0,0.0,0.091,0.0,0.0
146,Jud Buechler,1610612765,DET,31.0,6-6,78.0,228,Arizona,USA,1990,2,38,50,274,133,57,3.1,0.028,0.106,0.116,0.553,0.097
436,Juwan Howard,1610612764,WAS,26.0,6-9,81.0,250,Michigan,USA,1994,1,5,36,684,294,107,-2.9,0.066,0.148,0.245,0.511,0.144
252,Karl Malone,1610612762,UTA,35.0,6-9,81.0,256,Louisiana Tech,USA,1985,1,13,49,1164,463,201,10.3,0.07,0.193,0.303,0.577,0.221
173,Keith Askins,1610612748,MIA,31.0,6-8,80.0,215,Alabama,USA,Undrafted,Undrafted,Undrafted,33,53,44,10,11.7,0.026,0.082,0.09,0.404,0.038
1522,Keith Booth,1610612741,CHI,24.0,6-6,78.0,226,Maryland,USA,1997,1,28,39,120,93,38,-17.4,0.055,0.169,0.219,0.354,0.172
1569,Keith Closs,1610612746,LAC,23.0,7-3,87.0,212,Central Connecticut State,USA,Undrafted,Undrafted,Undrafted,15,32,25,0,-5.1,0.057,0.241,0.169,0.584,0.0
1496,Keith Van Horn,1610612751,NJN,23.0,6-10,82.0,250,Utah,USA,1997,1,2,42,916,358,65,-3.7,0.067,0.158,0.28,0.519,0.082
1820,Kelly McCarty,1610612743,DEN,23.0,6-7,79.0,200,Southern Mississippi,USA,Undrafted,Undrafted,Undrafted,2,4,3,0,10.0,0.25,0.071,0.357,0.667,0.0
1509,Kelvin Cato,1610612757,POR,24.0,6-11,83.0,255,Iowa State,USA,1997,1,15,43,151,150,19,7.3,0.089,0.173,0.149,0.476,0.059
383,Kendall Gill,1610612751,NJN,31.0,6-5,77.0,216,Illinois,USA,1990,1,5,50,588,244,123,-4.2,0.035,0.117,0.198,0.441,0.136
72,Kenny Anderson,1610612738,BOS,28.0,6-1,73.0,168,Georgia Tech,USA,1991,1,2,34,412,103,193,-6.5,0.022,0.082,0.201,0.513,0.316
1721,Keon Clark,1610612743,DEN,24.0,6-11,83.0,220,Nevada-Las Vegas,USA,1998,1,13,28,93,96,10,-5.0,0.091,0.152,0.129,0.483,0.044
954,Kerry Kittles,1610612751,NJN,25.0,6-5,77.0,179,Villanova,USA,1996,1,8,46,592,191,116,-8.1,0.03,0.091,0.199,0.446,0.13
708,Kevin Garnett,1610612750,MIN,23.0,6-11,83.0,220,None,USA,1995,1,5,47,977,489,202,2.3,0.086,0.186,0.276,0.493,0.206
1563,Kevin Ollie,1610612753,ORL,26.0,6-4,76.0,195,Connecticut,USA,Undrafted,Undrafted,Undrafted,8,13,7,3,-8.8,0.0,0.096,0.113,0.381,0.065
788,Kevin Willis,1610612761,TOR,36.0,7-0,84.0,245,Michigan State,USA,1984,1,11,42,504,350,67,-3.5,0.089,0.203,0.226,0.489,0.107
234,Khalid Reeves,1610612765,DET,26.0,6-3,75.0,199,Arizona,USA,1994,1,12,11,25,7,11,2.9,0.024,0.041,0.136,0.46,0.18
977,Kobe Bryant,1610612747,LAL,20.0,6-7,79.0,215,None,USA,1996,1,13,50,996,264,190,2.6,0.029,0.111,0.249,0.549,0.176
1748,Korleone Young,1610612765,DET,20.0,6-7,79.0,213,None,USA,1998,2,40,3,13,4,1,29.0,0.118,0.133,0.333,0.597,0.125
1600,Kornel David,1610612741,CHI,27.0,6-9,81.0,235,None,USA,Undrafted,Undrafted,Undrafted,50,308,173,40,-12.8,0.074,0.124,0.171,0.528,0.087
703,Kurt Thomas,1610612752,NYK,26.0,6-9,81.0,230,Texas Christian,USA,1995,1,10,50,406,286,55,-0.2,0.076,0.179,0.196,0.489,0.091
111,LaPhonso Ellis,1610612737,ATL,29.0,6-8,80.0,240,Notre Dame,USA,1992,1,5,20,204,109,18,0.0,0.045,0.153,0.213,0.47,0.065
441,Lamond Murray,1610612746,LAC,26.0,6-7,79.0,236,California,USA,1994,1,7,50,612,195,61,-12.6,0.043,0.115,0.25,0.473,0.089
1716,Larry Hughes,1610612755,PHI,20.0,6-5,77.0,185,Saint Louis,USA,1998,1,8,50,455,189,77,0.9,0.081,0.108,0.239,0.474,0.15
913,Larry Johnson,1610612752,NYK,30.0,6-7,79.0,235,Nevada-Las Vegas,USA,1991,1,1,49,587,284,119,4.1,0.061,0.115,0.18,0.554,0.135
84,Latrell Sprewell,1610612752,NYK,28.0,6-5,77.0,190,Alabama,USA,1992,1,24,37,606,156,91,-2.2,0.035,0.096,0.259,0.503,0.148
1444,Lawrence Funderburke,1610612758,SAC,28.0,6-9,81.0,230,Ohio State,USA,1994,2,51,47,420,222,30,-5.6,0.104,0.127,0.184,0.597,0.057
195,Lee Mayberry,1610612763,VAN,29.0,6-1,73.0,172,Arkansas,USA,1992,1,23,9,20,3,23,-4.0,0.0,0.024,0.112,0.472,0.28
283,Lindsey Hunter,1610612765,DET,28.0,6-2,74.0,195,Jackson State,USA,1993,1,10,49,582,168,193,5.8,0.016,0.088,0.176,0.517,0.191
1036,Litterial Green,1610612739,CLE,29.0,6-1,73.0,185,Georgia,USA,1992,2,39,1,0,0,0,-33.3,0.0,0.0,0.333,0.0,0.0
684,Loren Meyer,1610612743,DEN,26.0,6-10,82.0,260,Iowa State,USA,1995,1,24,14,16,16,1,-2.6,0.05,0.138,0.189,0.277,0.026
953,Lorenzen Wright,1610612746,LAC,23.0,6-11,83.0,262,Memphis,USA,1996,1,7,48,319,361,33,-7.4,0.123,0.206,0.139,0.512,0.049
919,Loy Vaught,1610612765,DET,31.0,6-9,81.0,240,Michigan,USA,1990,1,13,37,127,146,11,-0.7,0.08,0.23,0.176,0.394,0.043
26,Luc Longley,1610612756,PHX,30.0,7-2,86.0,260,New Mexico,USA,1991,1,7,39,339,222,45,3.1,0.065,0.176,0.184,0.524,0.082
446,Lucious Harris,1610612751,NJN,28.0,6-5,77.0,205,Long Beach State,USA,1993,2,28,36,193,67,31,4.0,0.034,0.078,0.16,0.477,0.091
1823,Makhtar N'diaye,1610612763,VAN,25.0,,,,North Carolina,,Undrafted,Undrafted,Undrafted,4,5,5,1,-8.8,0.1,0.111,0.115,0.434,0.05
990,Malik Rose,1610612759,SAS,24.0,6-7,79.0,250,Drexel,USA,1996,2,44,47,284,182,29,7.9,0.149,0.144,0.233,0.535,0.091
907,Malik Sealy,1610612750,MIN,29.0,6-8,80.0,200,St. John's (NY),USA,1992,1,14,31,251,92,36,-2.8,0.028,0.096,0.172,0.487,0.084
948,Marcus Camby,1610612752,NYK,25.0,6-11,83.0,225,Massachusetts,USA,1996,1,2,46,329,253,12,-1.2,0.119,0.162,0.175,0.537,0.025
712,Mario Bennett,1610612741,CHI,25.0,6-6,78.0,235,Arizona State,USA,1995,1,27,3,7,5,0,-29.0,0.071,0.188,0.196,0.451,0.0
53,Mario Elie,1610612759,SAS,35.0,6-5,77.0,210,American International,USA,1985,7,160,47,455,137,89,10.0,0.03,0.072,0.157,0.593,0.112
1858,Mark Baker,1610612761,TOR,29.0,6-1,73.0,175,Ohio State,USA,Undrafted,Undrafted,Undrafted,1,0,0,0,-50.0,0.0,0.0,0.333,0.0,0.0
95,Mark Bryant,1610612741,CHI,34.0,6-9,81.0,245,Seton Hall,USA,1988,1,21,45,407,232,48,-12.3,0.076,0.131,0.182,0.513,0.085
707,Mark Davis,1610612748,MIA,26.0,6-7,79.0,210,Texas Tech,USA,1995,2,48,4,9,7,1,-12.5,0.061,0.119,0.195,0.521,0.059
971,Mark Hendrickson,1610612751,NJN,25.0,6-9,81.0,220,Washington State,USA,1996,2,31,22,116,68,13,-2.7,0.067,0.114,0.14,0.536,0.053
349,Mark Jackson,1610612754,IND,34.0,6-3,75.0,185,St. John's (NY),USA,1987,1,18,49,373,184,386,7.3,0.026,0.106,0.158,0.513,0.423
1855,Mark Macon,1610612765,DET,30.0,6-4,76.0,185,Temple,USA,1991,1,8,7,9,5,4,8.3,0.044,0.029,0.161,0.225,0.078
998,Mark Pope,1610612754,IND,26.0,6-10,82.0,235,Kentucky,USA,1996,2,52,4,2,4,0,1.6,0.065,0.087,0.131,0.134,0.0
1110,Mark Strickland,1610612748,MIA,28.0,6-10,82.0,220,Temple,USA,Undrafted,Undrafted,Undrafted,32,119,78,9,0.4,0.079,0.147,0.166,0.529,0.048
770,Mark West,1610612737,ATL,38.0,6-10,82.0,246,Old Dominion,USA,1983,2,30,49,60,125,13,-6.2,0.092,0.153,0.089,0.381,0.046
1527,Marko Milic,1610612756,PHX,22.0,6-6,78.0,235,None,,1997,2,33,11,16,5,2,-14.4,0.05,0.039,0.205,0.4,0.074
1831,Marlon Garnett,1610612738,BOS,23.0,6-2,74.0,186,Santa Clara,USA,Undrafted,Undrafted,Undrafted,24,51,21,18,-8.8,0.012,0.077,0.147,0.426,0.171
55,Marty Conlon,1610612748,MIA,31.0,6-10,82.0,224,Providence,USA,Undrafted,Undrafted,Undrafted,7,8,5,1,-1.5,0.024,0.098,0.2,0.288,0.045
672,Matt Bullard,1610612745,HOU,32.0,6-10,82.0,235,Iowa,USA,Undrafted,Undrafted,Undrafted,41,117,42,18,1.2,0.023,0.078,0.144,0.494,0.067
761,Matt Geiger,1610612755,PHI,29.0,7-1,85.0,248,Georgia Tech,USA,1992,2,42,50,674,362,58,5.6,0.091,0.151,0.214,0.532,0.071
1723,Matt Harpring,1610612753,ORL,23.0,6-7,79.0,231,Georgia Tech,USA,1998,1,15,50,408,214,45,0.1,0.077,0.123,0.181,0.533,0.072
1074,Matt Maloney,1610612745,HOU,27.0,6-3,75.0,192,Pennsylvania,USA,Undrafted,Undrafted,Undrafted,15,21,10,21,-2.2,0.011,0.041,0.109,0.32,0.159
1508,Maurice Taylor,1610612746,LAC,22.0,6-9,81.0,260,Michigan,USA,1997,1,14,46,773,242,67,-11.3,0.066,0.106,0.266,0.505,0.087
688,Michael Curry,1610612749,MIL,30.0,6-5,77.0,227,Georgia Southern,USA,Undrafted,Undrafted,Undrafted,50,244,108,78,-0.6,0.019,0.078,0.116,0.507,0.113
1722,Michael Dickerson,1610612745,HOU,24.0,6-5,77.0,190,Arizona,USA,1998,1,14,50,547,83,95,4.8,0.019,0.035,0.166,0.554,0.101
1720,Michael Doleac,1610612753,ORL,22.0,6-11,83.0,262,Utah,USA,1998,1,12,49,304,148,20,7.9,0.082,0.113,0.182,0.503,0.044
714,Michael Finley,1610612742,DAL,26.0,6-7,79.0,215,Wisconsin,USA,1995,1,21,50,1009,263,218,-2.2,0.033,0.095,0.238,0.517,0.193
1138,Michael Hawkins,1610612758,SAC,26.0,6-0,72.0,178,Xavier,USA,Undrafted,Undrafted,Undrafted,24,36,25,27,0.0,0.052,0.074,0.118,0.436,0.203
1709,Michael Olowokandi,1610612746,LAC,24.0,7-0,84.0,269,Pacific,Nigeria,1998,1,1,45,401,357,25,-10.9,0.094,0.212,0.191,0.445,0.034
63,Michael Smith,1610612763,VAN,27.0,6-8,80.0,230,Shaw,USA,1994,2,35,48,230,350,48,-6.6,0.127,0.209,0.11,0.574,0.074
1565,Michael Stewart,1610612761,TOR,24.0,6-10,82.0,230,California,USA,Undrafted,Undrafted,Undrafted,42,61,99,5,-1.3,0.101,0.149,0.083,0.477,0.021
52,Micheal Williams,1610612761,TOR,32.0,6-2,74.0,175,Baylor,USA,1988,2,48,2,2,1,0,-18.8,0.067,0.0,0.188,0.2,0.0
1710,Mike Bibby,1610612763,VAN,21.0,6-2,74.0,190,Arizona,USA,1998,1,2,50,662,136,325,-9.5,0.018,0.064,0.214,0.487,0.343
1630,Mikki Moore,1610612765,DET,23.0,7-0,84.0,230,Nebraska,USA,Undrafted,Undrafted,Undrafted,2,4,1,0,92.7,0.0,0.143,0.167,1.064,0.0
1750,Miles Simon,1610612753,ORL,23.0,6-3,75.0,202,Arizona,USA,1998,2,42,5,2,2,0,-33.3,0.056,0.048,0.186,0.2,0.0
782,Mitch Richmond,1610612764,WAS,33.0,6-5,77.0,220,Kansas State,USA,1988,1,5,50,983,172,122,-2.8,0.016,0.078,0.253,0.527,0.114
348,Mitchell Butler,1610612739,CLE,28.0,6-5,77.0,227,UCLA,USA,Undrafted,Undrafted,Undrafted,31,168,44,22,1.3,0.036,0.08,0.216,0.549,0.116
42,Monty Williams,1610612743,DEN,27.0,6-8,80.0,225,Notre Dame,USA,1994,1,24,1,1,0,0,-18.2,0.0,0.0,0.2,0.174,0.0
983,Moochie Norris,1610612760,SEA,25.0,6-2,74.0,188,West Florida,USA,1996,2,33,12,38,20,24,-8.6,0.027,0.111,0.196,0.404,0.316
302,Mookie Blaylock,1610612737,ATL,32.0,6-1,73.0,185,Oklahoma,USA,1989,1,12,48,640,224,278,6.1,0.025,0.102,0.209,0.463,0.308
177,Muggsy Bogues,1610612744,GSW,34.0,5-3,63.0,141,Wake Forest,USA,1987,1,12,36,183,73,134,-1.0,0.022,0.082,0.132,0.539,0.339
1737,Nazr Mohammed,1610612755,PHI,21.0,6-10,82.0,240,Kentucky,USA,1998,1,29,26,42,37,2,12.7,0.153,0.136,0.214,0.41,0.031
1861,Negele Knight,1610612761,TOR,32.0,6-1,73.0,175,Dayton,USA,1990,2,31,6,8,6,8,-13.3,0.018,0.109,0.13,0.41,0.25
98,Nick Anderson,1610612753,ORL,31.0,6-6,78.0,228,Illinois,USA,1989,1,11,47,701,277,91,2.6,0.032,0.145,0.228,0.493,0.107
89,Nick Van Exel,1610612743,DEN,27.0,6-1,73.0,190,Cincinnati,USA,1993,2,37,50,826,113,368,-9.0,0.007,0.057,0.238,0.488,0.375
178,Olden Polynice,1610612760,SEA,34.0,7-0,84.0,250,Virginia,USA,1987,1,8,48,368,425,43,-2.9,0.12,0.173,0.136,0.461,0.047
932,Oliver Miller,1610612758,SAC,29.0,6-9,81.0,325,Arkansas,USA,1992,1,22,4,10,8,0,-19.6,0.171,0.029,0.17,0.455,0.0
970,Othella Harrington,1610612745,HOU,25.0,6-9,81.0,235,Georgetown,USA,1996,2,30,41,400,246,15,3.5,0.089,0.179,0.212,0.559,0.031
901,Otis Thorpe,1610612764,WAS,36.0,6-10,82.0,246,Providence,USA,1984,1,9,49,554,334,101,-3.4,0.067,0.165,0.172,0.569,0.111
136,P.J. Brown,1610612748,MIA,29.0,6-11,83.0,240,Louisiana Tech,USA,1992,2,29,50,571,346,66,7.9,0.081,0.145,0.185,0.527,0.075
1727,Pat Garrity,1610612756,PHX,22.0,6-9,81.0,238,Notre Dame,USA,1998,1,19,39,217,75,18,2.8,0.052,0.095,0.181,0.557,0.055
121,Patrick Ewing,1610612752,NYK,36.0,7-0,84.0,255,Georgetown,Jamaica,1985,1,1,38,657,377,43,2.2,0.06,0.217,0.278,0.491,0.068
1514,Paul Grant,1610612749,MIL,25.0,7-0,84.0,245,Wisconsin,USA,1997,1,20,6,4,1,0,-40.3,0.063,0.0,0.205,0.333,0.0
1718,Paul Pierce,1610612738,BOS,21.0,6-7,79.0,220,Kansas,USA,1998,1,10,48,791,309,115,-1.9,0.07,0.121,0.229,0.54,0.121
978,Peja Stojakovic,1610612758,SAC,22.0,6-9,81.0,229,None,Serbia and Montenegro,1996,1,14,48,402,143,72,1.1,0.04,0.094,0.191,0.496,0.115
432,Pete Chilcutt,1610612763,VAN,30.0,6-10,82.0,240,North Carolina,USA,1991,1,27,46,166,117,30,-6.5,0.043,0.131,0.134,0.462,0.072
1824,Peter Aluma,1610612758,SAC,26.0,6-10,82.0,260,Liberty,USA,Undrafted,Undrafted,Undrafted,2,2,2,0,-57.7,0.091,0.111,0.211,0.5,0.0
71,Pooh Richardson,1610612746,LAC,33.0,6-1,73.0,180,California-Los Angeles,USA,1989,1,10,11,28,13,30,-11.6,0.007,0.102,0.151,0.371,0.395
461,Popeye Jones,1610612738,BOS,29.0,6-8,80.0,243,Murray State,USA,1992,2,41,18,54,52,15,10.2,0.121,0.118,0.128,0.462,0.105
1711,Raef LaFrentz,1610612743,DEN,23.0,6-11,83.0,240,Kansas,USA,1998,1,3,12,166,91,8,-7.5,0.08,0.158,0.18,0.553,0.038
1872,Randell Jackson,1610612764,WAS,23.0,6-11,83.0,215,Florida State,,1999,,,27,114,54,8,-10.2,0.1,0.089,0.227,0.467,0.056
753,Randy Brown,1610612741,CHI,31.0,6-2,74.0,191,New Mexico State,USA,1991,2,31,39,344,132,149,-10.5,0.022,0.096,0.18,0.471,0.256
988,Randy Livingston,1610612756,PHX,24.0,6-4,76.0,209,Louisiana State,USA,1996,2,42,1,12,2,3,15.5,0.0,0.083,0.213,0.676,0.25
1740,Rashard Lewis,1610612760,SEA,19.0,6-10,82.0,215,None,USA,1998,2,32,20,47,25,4,-14.5,0.077,0.073,0.214,0.404,0.047
739,Rasheed Wallace,1610612757,POR,24.0,6-11,83.0,225,North Carolina,USA,1995,1,4,49,628,241,60,11.5,0.042,0.129,0.202,0.566,0.076
1725,Rasho Nesterovic,1610612750,MIN,23.0,7-0,84.0,248,None,Slovenia,1998,1,17,2,8,8,1,5.0,0.083,0.208,0.189,0.311,0.045
951,Ray Allen,1610612749,MIL,23.0,6-5,77.0,205,Connecticut,USA,1996,1,5,50,856,212,178,3.7,0.035,0.096,0.236,0.564,0.183
674,Reggie Jordan,1610612750,MIN,31.0,6-4,76.0,195,New Mexico State,USA,Undrafted,Undrafted,Undrafted,27,51,59,41,2.8,0.08,0.117,0.123,0.361,0.194
397,Reggie Miller,1610612754,IND,33.0,6-7,79.0,185,California-Los Angeles,USA,1987,1,11,50,920,135,112,5.9,0.015,0.06,0.224,0.59,0.109
1073,Reggie Slater,1610612761,TOR,28.0,6-7,79.0,255,Wyoming,USA,Undrafted,Undrafted,Undrafted,30,115,70,5,-7.2,0.125,0.134,0.232,0.486,0.037
364,Rex Chapman,1610612756,PHX,31.0,6-4,76.0,195,Kentucky,USA,1988,1,8,38,459,104,109,3.4,0.01,0.079,0.208,0.46,0.149
777,Rex Walters,1610612748,MIA,29.0,6-4,76.0,195,Kansas,USA,1993,1,16,33,101,50,58,2.9,0.023,0.078,0.129,0.476,0.191
1594,Rick Brunson,1610612752,NYK,27.0,6-4,76.0,190,Temple,USA,Undrafted,Undrafted,Undrafted,17,17,10,19,9.9,0.031,0.088,0.193,0.294,0.333
296,Rick Fox,1610612747,LAL,29.0,6-7,79.0,242,North Carolina,Canada,1991,1,24,44,394,89,89,5.0,0.028,0.068,0.197,0.534,0.16
328,Rick Mahorn,1610612755,PHI,40.0,6-10,82.0,260,Hampton,USA,1980,2,35,16,13,23,2,-12.0,0.056,0.144,0.095,0.302,0.024
1729,Ricky Davis,1610612766,CHH,19.0,6-7,79.0,195,Iowa,USA,1998,1,21,46,209,84,58,-0.2,0.079,0.078,0.226,0.462,0.186
22,Rik Smits,1610612754,IND,32.0,7-4,88.0,265,Marist,USA,1988,1,2,49,728,275,52,8.0,0.064,0.159,0.286,0.527,0.077
109,Robert Horry,1610612747,LAL,28.0,6-10,82.0,235,Alabama,USA,1992,1,11,38,188,151,56,9.2,0.078,0.124,0.129,0.565,0.112
123,Robert Pack,1610612742,DAL,30.0,6-2,74.0,190,Southern California,USA,Undrafted,Undrafted,Undrafted,25,222,36,81,-8.9,0.018,0.055,0.242,0.522,0.333
1714,Robert Traylor,1610612749,MIL,22.0,6-8,80.0,284,Michigan,USA,1998,1,6,49,259,182,38,5.4,0.115,0.138,0.163,0.548,0.072
393,Rod Strickland,1610612764,WAS,32.0,6-3,75.0,185,DePaul,USA,1988,1,19,44,690,212,434,-1.0,0.035,0.099,0.235,0.488,0.438
915,Rodney Rogers,1610612746,LAC,28.0,6-7,79.0,255,Wake Forest,USA,1993,1,9,47,348,179,77,-11.7,0.065,0.129,0.189,0.51,0.148
1518,Rodrick Rhodes,1610612763,VAN,25.0,6-6,78.0,225,Southern California,USA,1997,1,24,13,43,17,11,-28.5,0.052,0.053,0.229,0.341,0.164
166,Ron Harper,1610612741,CHI,35.0,6-6,78.0,216,Miami (OH),USA,1986,1,8,35,392,180,115,-4.9,0.044,0.13,0.213,0.451,0.197
1500,Ron Mercer,1610612738,BOS,23.0,6-7,79.0,210,Kentucky,USA,1997,1,6,41,698,155,104,-6.0,0.023,0.081,0.243,0.463,0.12
938,Rony Seikaly,1610612751,NJN,34.0,6-11,83.0,253,Syracuse,USA,1988,1,9,9,15,21,2,-26.8,0.046,0.19,0.183,0.269,0.049
1728,Roshown McLeod,1610612737,ATL,23.0,6-8,80.0,220,Duke,USA,1998,1,20,34,162,50,14,-4.8,0.035,0.117,0.268,0.443,0.09
1739,Ruben Patterson,1610612747,LAL,23.0,6-6,78.0,227,Cincinnati,USA,1998,2,31,24,65,30,2,-9.4,0.109,0.09,0.213,0.503,0.024
1601,Rusty LaRue,1610612741,CHI,25.0,6-3,75.0,190,Wake Forest,USA,Undrafted,Undrafted,Undrafted,43,203,56,63,-10.0,0.012,0.071,0.163,0.452,0.157
1756,Ryan Stack,1610612739,CLE,23.0,6-11,83.0,215,South Carolina,USA,1998,2,48,18,47,34,5,-18.2,0.103,0.082,0.135,0.513,0.045
208,Sam Cassell,1610612749,MIL,29.0,6-3,75.0,185,Florida State,USA,1993,1,24,8,127,15,36,9.9,0.025,0.048,0.288,0.552,0.33
1734,Sam Jacobson,1610612747,LAL,23.0,6-4,76.0,215,Minnesota,USA,1998,1,26,2,8,3,0,23.1,0.0,0.176,0.233,0.68,0.0
694,Sam Mack,1610612745,HOU,29.0,6-7,79.0,220,Houston,USA,Undrafted,Undrafted,Undrafted,44,472,95,55,-2.4,0.013,0.077,0.184,0.576,0.094
417,Sam Mitchell,1610612750,MIN,35.0,6-7,79.0,215,Mercer,USA,1985,3,54,50,561,182,98,-0.3,0.038,0.099,0.205,0.472,0.124
64,Sam Perkins,1610612754,IND,38.0,6-9,81.0,260,North Carolina,USA,1984,1,4,48,238,138,25,2.0,0.048,0.142,0.152,0.526,0.057
955,Samaki Walker,1610612742,DAL,23.0,6-9,81.0,258,Louisville,USA,1996,1,9,39,229,143,6,-12.0,0.078,0.166,0.215,0.491,0.021
1513,Scot Pollard,1610612758,SAC,24.0,6-11,83.0,265,Kansas,USA,1997,1,19,16,82,82,4,10.9,0.135,0.158,0.122,0.576,0.024
197,Scott Burrell,1610612751,NJN,28.0,6-7,79.0,218,Connecticut,USA,1993,1,20,32,212,119,45,-1.2,0.041,0.125,0.151,0.468,0.111
281,Scott Williams,1610612749,MIL,31.0,6-10,82.0,230,North Carolina,USA,Undrafted,Undrafted,Undrafted,7,14,14,1,-18.7,0.06,0.204,0.231,0.349,0.048
937,Scottie Pippen,1610612745,HOU,33.0,6-7,79.0,228,Central Arkansas,USA,1987,1,5,50,726,323,293,1.3,0.035,0.126,0.196,0.53,0.248
251,Sean Elliott,1610612759,SAS,31.0,6-8,80.0,220,Arizona,USA,1989,1,3,50,561,213,117,6.0,0.025,0.109,0.196,0.493,0.132
1752,Sean Marks,1610612761,TOR,23.0,6-10,82.0,250,California,New Zealand,1998,2,44,8,11,1,0,-51.7,0.0,0.05,0.188,0.619,0.0
399,Sean Rooks,1610612747,LAL,29.0,6-10,82.0,260,Arizona,USA,1992,2,30,36,98,72,9,-8.3,0.098,0.135,0.166,0.489,0.05
1742,Shammond Williams,1610612737,ATL,24.0,6-1,73.0,201,North Carolina,USA,1998,2,34,2,3,0,1,-60.0,0.0,0.0,0.273,0.543,1.0
1000,Shandon Anderson,1610612762,UTA,25.0,6-6,78.0,210,Georgia,USA,1996,2,54,50,427,132,56,1.7,0.052,0.079,0.211,0.511,0.105
406,Shaquille O'Neal,1610612747,LAL,27.0,7-1,85.0,315,Louisiana State,USA,1992,1,1,49,1289,525,114,7.0,0.117,0.199,0.323,0.584,0.132
949,Shareef Abdur-Rahim,1610612763,VAN,22.0,6-9,81.0,230,California,USA,1996,1,3,50,1152,374,172,-9.5,0.058,0.138,0.282,0.53,0.174
762,Shawn Bradley,1610612742,DAL,27.0,7-6,90.0,263,Brigham Young,USA,1993,1,2,49,420,392,40,5.5,0.101,0.201,0.161,0.527,0.051
431,Shawn Kemp,1610612739,CLE,29.0,6-10,82.0,280,Trinity Valley Community College,USA,1989,1,17,42,862,388,101,1.4,0.099,0.188,0.279,0.578,0.14
704,Shawn Respert,1610612756,PHX,27.0,6-1,73.0,195,Michigan State,USA,1995,1,8,12,37,13,8,-7.1,0.02,0.103,0.205,0.458,0.17
428,Sherman Douglas,1610612746,LAC,32.0,6-1,73.0,195,Syracuse,USA,1989,2,28,30,247,58,124,-9.4,0.019,0.056,0.17,0.48,0.248
278,Stacey Augmon,1610612757,POR,30.0,6-8,80.0,205,Nevada-Las Vegas,USA,1991,1,9,48,208,125,58,7.3,0.058,0.09,0.126,0.501,0.109
914,Stanley Roberts,1610612745,HOU,29.0,7-0,84.0,290,Louisiana State,USA,1991,1,23,6,14,11,0,25.8,0.148,0.179,0.292,0.424,0.0
950,Stephon Marbury,1610612751,NJN,22.0,6-2,74.0,180,Georgia Tech,USA,1996,1,4,49,1044,142,437,2.7,0.018,0.057,0.267,0.519,0.411
1667,Steve Henson,1610612765,DET,31.0,5-11,71.0,177,Kansas State,USA,1990,2,44,4,4,0,3,3.2,0.0,0.0,0.107,0.694,0.3
70,Steve Kerr,1610612759,SAS,33.0,6-3,75.0,181,Arizona,USA,1988,2,50,44,192,44,49,5.4,0.008,0.048,0.127,0.507,0.111
959,Steve Nash,1610612742,DAL,25.0,6-3,75.0,195,Santa Clara,Canada,1996,1,15,40,315,114,219,-0.3,0.025,0.065,0.147,0.471,0.269
120,Steven Smith,1610612737,ATL,30.0,6-8,80.0,215,Michigan State,USA,1991,1,5,36,672,151,118,9.5,0.04,0.073,0.258,0.526,0.178
1037,Stojko Vrankovic,1610612746,LAC,35.0,7-2,86.0,260,None,USA,Undrafted,Undrafted,Undrafted,2,2,6,0,-54.0,0.267,0.222,0.133,0.25,0.0
1505,Tariq Abdul-Wahad,1610612758,SAC,24.0,6-6,78.0,223,San Jose State,France,1997,1,11,49,454,186,50,-4.1,0.055,0.086,0.184,0.486,0.062
210,Terrell Brandon,1610612750,MIN,29.0,5-11,71.0,173,Oregon,USA,1991,1,11,36,501,134,309,1.5,0.021,0.094,0.224,0.463,0.411
187,Terry Cummings,1610612744,GSW,38.0,6-9,81.0,250,DePaul,USA,1982,1,2,50,454,255,58,-1.4,0.086,0.161,0.226,0.479,0.107
426,Terry Davis,1610612764,WAS,32.0,6-9,81.0,225,Virginia Union,USA,Undrafted,Undrafted,Undrafted,37,126,139,10,-1.6,0.091,0.176,0.099,0.579,0.026
143,Terry Dehere,1610612763,VAN,27.0,6-4,76.0,190,Seton Hall,USA,1993,1,13,26,83,24,27,-11.5,0.023,0.059,0.162,0.471,0.171
371,Terry Mills,1610612748,MIA,31.0,6-10,82.0,230,Michigan,USA,1990,1,16,1,9,4,0,-14.2,0.143,0.043,0.185,0.507,0.0
345,Terry Porter,1610612748,MIA,36.0,6-3,75.0,195,Wisconsin-Stevens Point,USA,1985,1,24,50,525,140,146,4.3,0.011,0.092,0.182,0.603,0.212
689,Theo Ratliff,1610612755,PHI,26.0,6-10,82.0,225,Wyoming,USA,1995,1,18,50,560,407,30,2.2,0.087,0.172,0.173,0.539,0.033
1847,Thurl Bailey,1610612762,UTA,38.0,6-11,83.0,247,North Carolina State,USA,1983,1,7,43,181,94,26,3.6,0.073,0.11,0.187,0.476,0.093
1495,Tim Duncan,1610612759,SAS,23.0,7-0,84.0,248,Wake Forest,US Virgin Islands,1997,1,1,50,1084,571,121,10.7,0.087,0.197,0.272,0.541,0.117
896,Tim Hardaway,1610612748,MIA,32.0,6-0,72.0,195,Texas-El Paso,USA,1989,1,14,48,835,152,352,6.9,0.009,0.078,0.257,0.511,0.383
100,Tim Legler,1610612764,WAS,32.0,6-4,76.0,220,La Salle,USA,Undrafted,Undrafted,Undrafted,30,119,40,21,-0.1,0.02,0.086,0.149,0.506,0.091
1501,Tim Thomas,1610612749,MIL,22.0,6-10,82.0,230,Villanova,USA,1997,1,7,50,358,126,46,-3.6,0.065,0.104,0.209,0.545,0.1
1753,Toby Bailey,1610612756,PHX,23.0,6-6,78.0,213,California-Los Angeles,USA,1998,2,45,27,78,54,13,-6.6,0.091,0.13,0.179,0.425,0.083
957,Todd Fuller,1610612762,UTA,24.0,6-11,83.0,255,North Carolina State,USA,1996,1,11,42,142,101,6,-0.4,0.067,0.156,0.173,0.486,0.023
339,Tom Gugliotta,1610612756,PHX,29.0,6-10,82.0,240,North Carolina State,USA,1992,1,6,43,729,381,121,3.5,0.086,0.163,0.22,0.545,0.134
67,Tom Hammonds,1610612750,MIN,32.0,6-9,81.0,225,Georgia Tech,USA,1989,1,9,49,212,136,20,-0.1,0.071,0.12,0.149,0.5,0.047
389,Toni Kukoc,1610612741,CHI,30.0,6-11,83.0,232,None,Croatia,1990,2,29,44,828,310,235,-5.3,0.039,0.156,0.272,0.491,0.305
1499,Tony Battie,1610612738,BOS,23.0,6-11,83.0,240,Texas Tech,USA,1997,1,5,50,335,300,53,1.5,0.084,0.184,0.14,0.541,0.077
960,Tony Delk,1610612744,GSW,25.0,6-2,74.0,192,Kentucky,USA,1996,1,16,36,246,54,95,-9.7,0.015,0.064,0.219,0.433,0.276
763,Tony Massenburg,1610612763,VAN,31.0,6-9,81.0,250,Maryland,USA,1990,2,43,43,481,257,23,-9.7,0.075,0.163,0.206,0.527,0.039
1503,Tracy McGrady,1610612761,TOR,20.0,6-8,80.0,210,None,USA,1997,1,9,49,458,278,113,-1.3,0.106,0.147,0.209,0.504,0.187
145,Tracy Murray,1610612764,WAS,27.0,6-7,79.0,228,California-Los Angeles,USA,1992,1,18,36,233,81,27,-4.7,0.026,0.102,0.192,0.456,0.07
696,Travis Best,1610612754,IND,26.0,5-11,71.0,182,Georgia Tech,USA,1995,1,23,49,346,80,169,1.0,0.019,0.064,0.184,0.507,0.308
969,Travis Knight,1610612747,LAL,24.0,7-0,84.0,235,Connecticut,USA,1996,1,29,37,156,128,31,2.6,0.068,0.173,0.147,0.546,0.087
1576,Travis Williams,1610612766,CHH,30.0,6-6,78.0,215,South Carolina State,USA,Undrafted,Undrafted,Undrafted,8,15,19,2,-21.8,0.082,0.194,0.141,0.508,0.071
1868,Trevor Winter,1610612750,MIN,25.0,7-0,84.0,275,Minnesota,USA,Undrafted,Undrafted,Undrafted,1,0,3,0,-8.9,0.1,0.5,0.0,0.0,0.0
1607,Troy Hudson,1610612746,LAC,23.0,6-1,73.0,170,Southern Illinois,USA,Undrafted,Undrafted,Undrafted,25,169,55,92,-6.5,0.028,0.084,0.173,0.507,0.286
895,Tyrone Corbin,1610612737,ATL,36.0,6-6,78.0,225,DePaul,USA,1985,2,35,47,352,145,43,4.0,0.033,0.103,0.174,0.477,0.08
238,Tyrone Hill,1610612755,PHI,31.0,6-9,81.0,250,Xavier,USA,1990,1,11,38,325,287,35,-0.3,0.103,0.166,0.164,0.487,0.056
1838,Tyrone Nesby,1610612746,LAC,23.0,6-6,78.0,225,Nevada-Las Vegas,USA,Undrafted,Undrafted,Undrafted,50,503,175,82,-6.2,0.044,0.1,0.178,0.543,0.109
1731,Tyronn Lue,1610612747,LAL,22.0,6-0,72.0,175,Nebraska,USA,1998,1,23,15,75,5,25,-0.5,0.005,0.021,0.192,0.505,0.207
1755,Tyson Wheeler,1610612743,DEN,23.0,5-10,70.0,165,Rhode Island,USA,1998,2,47,1,4,0,2,85.7,0.0,0.0,0.333,1.064,0.667
137,Vernon Maxwell,1610612758,SAC,33.0,6-4,76.0,190,Florida,USA,1988,2,47,46,492,85,76,2.7,0.013,0.068,0.23,0.522,0.129
452,Vin Baker,1610612760,SEA,27.0,6-11,83.0,250,Hartford,USA,1993,1,8,34,468,211,56,3.7,0.077,0.111,0.231,0.461,0.086
1713,Vince Carter,1610612761,TOR,22.0,6-7,79.0,215,North Carolina,USA,1998,1,5,50,913,283,149,1.2,0.053,0.111,0.253,0.516,0.164
219,Vinny Del Negro,1610612749,MIL,32.0,6-4,76.0,185,North Carolina State,USA,1988,2,29,48,281,102,174,-1.5,0.014,0.085,0.151,0.481,0.269
958,Vitaly Potapenko,1610612738,BOS,24.0,6-10,82.0,280,Wright State,Ukraine,1996,1,12,50,499,332,75,0.9,0.087,0.168,0.193,0.52,0.095
124,Vlade Divac,1610612758,SAC,31.0,7-1,85.0,260,None,Serbia and Montenegro,1989,1,26,50,714,501,215,0.9,0.074,0.187,0.193,0.533,0.19
1735,Vladimir Stepania,1610612760,SEA,23.0,7-0,84.0,236,None,Georgia,1998,1,27,23,127,75,12,-4.2,0.087,0.146,0.238,0.445,0.065
702,Voshon Lenard,1610612748,MIA,26.0,6-4,76.0,205,Minnesota,USA,1994,2,46,12,82,16,10,-13.1,0.024,0.076,0.23,0.489,0.115
1005,Walt Williams,1610612757,POR,29.0,6-8,80.0,230,Maryland,USA,1992,1,7,48,446,143,80,11.1,0.035,0.101,0.193,0.566,0.132
962,Walter McCarty,1610612738,BOS,25.0,6-10,82.0,230,Kentucky,USA,1996,1,19,32,181,115,40,2.6,0.051,0.116,0.159,0.448,0.093
445,Wesley Person,1610612739,CLE,28.0,6-6,78.0,195,Auburn,USA,1994,1,23,45,503,142,80,-3.7,0.016,0.099,0.174,0.546,0.111
781,Will Perdue,1610612759,SAS,33.0,7-0,84.0,240,Vanderbilt,USA,1988,1,11,37,90,138,18,4.7,0.083,0.217,0.095,0.63,0.064
1061,William Cunningham,1610612751,NJN,25.0,6-11,83.0,240,Temple,USA,Undrafted,Undrafted,Undrafted,16,6,28,1,-13.2,0.07,0.093,0.065,0.159,0.009
416,Willie Burton,1610612766,CHH,31.0,6-8,80.0,210,Minnesota,USA,1990,1,9,3,4,6,0,8.1,0.222,0.118,0.227,0.228,0.0
980,Zydrunas Ilgauskas,1610612739,CLE,24.0,7-3,87.0,260,None,Lithuania,1996,1,20,5,76,44,4,-3.2,0.109,0.173,0.221,0.541,0.05
